{
  "project_info": {
    "project_number": "345553618052",
    "firebase_url": "https://bizlinked-402fe.firebaseio.com",
    "project_id": "bizlinked-402fe",
    "storage_bucket": "bizlinked-402fe.appspot.com"
  },
  "client": [
    {
      "client_info": {
        "mobilesdk_app_id": "1:345553618052:android:950667ab01e99ec0",
        "android_client_info": {
          "package_name": "com.application.centegy.bizlinked"
        }
      },
      "oauth_client": [
        {
          "client_id": "345553618052-jfq0sa7hcm6m02af47gnnum978dob46h.apps.googleusercontent.com",
          "client_type": 1,
          "android_info": {
            "package_name": "com.application.centegy.bizlinked",
            "certificate_hash": "b2c8d65f32b2ba84672633a350c1a6be96eaf67a"
          }
        },
        {
          "client_id": "345553618052-0t9d0rf6j65873k314tt67qmcrhdpvqa.apps.googleusercontent.com",
          "client_type": 3
        }
      ],
      "api_key": [
        {
          "current_key": "AIzaSyCoXhY_C-ngf7mhXTpGCQTqFACUxgDxI5U"
        }
      ],
      "services": {
        "analytics_service": {
          "status": 1
        },
        "appinvite_service": {
          "status": 2,
          "other_platform_oauth_client": [
            {
              "client_id": "345553618052-0t9d0rf6j65873k314tt67qmcrhdpvqa.apps.googleusercontent.com",
              "client_type": 3
            }
          ]
        },
        "ads_service": {
          "status": 2
        }
      }
    },
    {
      "client_info": {
        "mobilesdk_app_id": "1:345553618052:android:dc60b4908c3d7163",
        "android_client_info": {
          "package_name": "com.application.lumaque.bizlinked"
        }
      },
      "oauth_client": [
        {
          "client_id": "345553618052-0rafq0unf0ueqaktehvtgjti729u0sk6.apps.googleusercontent.com",
          "client_type": 1,
          "android_info": {
            "package_name": "com.application.lumaque.bizlinked",
            "certificate_hash": "b2c8d65f32b2ba84672633a350c1a6be96eaf67a"
          }
        },
        {
          "client_id": "345553618052-0t9d0rf6j65873k314tt67qmcrhdpvqa.apps.googleusercontent.com",
          "client_type": 3
        }
      ],
      "api_key": [
        {
          "current_key": "AIzaSyCoXhY_C-ngf7mhXTpGCQTqFACUxgDxI5U"
        }
      ],
      "services": {
        "analytics_service": {
          "status": 1
        },
        "appinvite_service": {
          "status": 2,
          "other_platform_oauth_client": [
            {
              "client_id": "345553618052-0t9d0rf6j65873k314tt67qmcrhdpvqa.apps.googleusercontent.com",
              "client_type": 3
            }
          ]
        },
        "ads_service": {
          "status": 2
        }
      }
    }
  ],
  "configuration_version": "1"
}